timestamp,voltage_v,current_a,power_kw,power_factor,frequency_hz
2026-02-05T12:26:23,228.47,1.62,0.356,0.96,50.07
2026-02-05T12:26:24,228.7,1.64,0.362,0.97,49.94
2026-02-05T12:26:25,231.07,1.65,0.332,0.87,49.92
2026-02-05T12:26:26,230.61,1.66,0.352,0.92,50.08
2026-02-05T12:26:27,228.66,1.69,0.368,0.95,50.02
2026-02-05T12:26:28,229.29,1.67,0.339,0.89,49.96
2026-02-05T12:26:29,230.06,1.57,0.332,0.92,50.0
2026-02-05T12:26:30,230.41,1.66,0.366,0.96,49.91
2026-02-05T12:26:31,230.33,1.54,0.345,0.97,49.96
2026-02-05T12:26:32,231.11,1.76,0.352,0.87,49.92
2026-02-05T12:26:33,229.03,1.77,0.361,0.89,50.02
2026-02-05T12:26:34,230.78,1.54,0.334,0.94,49.99
2026-02-05T12:26:35,231.38,1.61,0.363,0.97,49.94
2026-02-05T12:26:36,228.6,1.59,0.343,0.94,50.1
2026-02-05T12:26:37,231.19,1.62,0.359,0.96,50.03
2026-02-05T12:26:38,227.96,1.85,0.364,0.86,50.0
2026-02-05T12:26:39,230.11,1.65,0.339,0.89,50.04
2026-02-05T12:26:40,229.39,1.58,0.338,0.93,50.04
2026-02-05T12:26:41,228.3,1.71,0.333,0.85,50.1
2026-02-05T12:26:42,229.13,1.51,0.334,0.97,49.93
2026-02-05T12:26:43,229.03,1.64,0.334,0.89,50.01
2026-02-05T12:26:44,228.98,1.66,0.356,0.94,49.99
2026-02-05T12:26:45,231.27,1.53,0.334,0.94,50.08
2026-02-05T12:26:46,230.3,1.5,0.332,0.96,50.01
2026-02-05T12:26:47,228.96,1.57,0.345,0.96,50.0
2026-02-05T12:26:48,229.68,1.64,0.339,0.9,49.94
2026-02-05T12:26:49,231.46,1.78,0.364,0.88,49.91
2026-02-05T12:26:50,230.49,1.6,0.36,0.97,50.05
2026-02-05T12:26:51,230.15,1.84,0.364,0.86,49.99
2026-02-05T12:26:52,231.26,1.8,0.354,0.85,49.95
2026-02-05T12:26:53,230.06,1.78,0.363,0.89,49.91
2026-02-05T12:26:54,228.0,1.7,0.337,0.87,50.04
2026-02-05T12:26:55,231.65,1.6,0.335,0.9,49.95
2026-02-05T12:26:56,229.64,1.73,0.352,0.89,49.9
2026-02-05T12:26:57,230.41,1.61,0.354,0.96,49.96
2026-02-05T12:26:58,231.46,1.65,0.345,0.9,49.99
2026-02-05T12:26:59,229.88,1.65,0.349,0.92,49.94
2026-02-05T12:27:00,230.25,1.69,0.337,0.87,49.98
2026-02-05T12:27:01,228.31,1.66,0.346,0.91,49.97
2026-02-05T12:27:02,229.1,1.81,0.366,0.88,49.97
2026-02-05T12:27:03,228.3,1.7,0.36,0.93,50.06
2026-02-05T12:27:04,231.5,1.62,0.366,0.97,49.98
2026-02-05T12:27:05,228.48,1.69,0.331,0.86,49.98
2026-02-05T12:27:06,230.15,1.61,0.356,0.96,50.01
2026-02-05T12:27:07,228.87,1.77,0.363,0.9,50.07
2026-02-05T12:27:08,229.08,1.7,0.339,0.87,50.02
2026-02-05T12:27:09,230.47,1.54,0.348,0.98,50.04
2026-02-05T12:27:10,228.31,1.6,0.346,0.95,50.01
2026-02-05T12:27:11,228.19,1.66,0.347,0.92,49.94
2026-02-05T12:27:12,231.01,1.66,0.362,0.95,49.97
2026-02-05T12:27:13,229.56,1.54,0.33,0.93,50.07
2026-02-05T12:27:14,229.53,1.68,0.346,0.9,49.97
2026-02-05T12:27:15,231.43,1.58,0.347,0.95,49.91
2026-02-05T12:27:16,228.51,1.66,0.368,0.97,49.97
2026-02-05T12:27:17,228.4,1.64,0.367,0.98,50.05
2026-02-05T12:27:18,229.46,1.63,0.345,0.92,49.98
2026-02-05T12:27:19,228.69,1.75,0.35,0.87,49.99
2026-02-05T12:27:20,229.42,1.74,0.354,0.88,49.97
2026-02-05T12:27:21,231.17,1.5,0.335,0.97,50.1
2026-02-05T12:27:33,227.87,1.71,0.364,0.93,49.96
2026-02-05T12:27:34,230.59,1.59,0.356,0.97,49.93
2026-02-05T12:27:35,227.69,1.72,0.339,0.87,50.09
2026-02-05T12:27:36,230.5,1.47,0.332,0.98,49.99
2026-02-05T12:27:37,230.98,1.73,0.346,0.86,49.97
2026-02-05T12:27:38,227.96,1.6,0.358,0.98,50.09
2026-02-05T12:27:39,229.18,1.54,0.334,0.95,50.01
2026-02-05T12:27:40,228.39,1.67,0.352,0.92,50.06
2026-02-05T12:27:41,229.79,1.55,0.349,0.98,50.0
2026-02-05T12:27:42,230.21,1.59,0.351,0.96,49.99
2026-02-05T12:27:43,230.14,1.63,0.342,0.91,50.05
2026-02-05T12:27:45,227.93,1.63,0.352,0.94,50.1
2026-02-05T12:27:46,229.72,1.64,0.352,0.94,50.0
2026-02-05T12:27:47,230.44,1.71,0.369,0.94,50.01
2026-02-05T12:27:48,231.43,1.51,0.332,0.95,50.09
2026-02-05T12:27:49,229.3,1.68,0.346,0.9,49.96
2026-02-05T12:27:50,229.01,1.49,0.333,0.97,50.08
2026-02-05T12:27:51,229.07,1.81,0.363,0.88,49.98
2026-02-05T12:27:52,230.43,1.59,0.333,0.91,49.93
2026-02-05T12:27:53,227.71,1.71,0.344,0.88,50.02
2026-02-05T12:27:53,228.81,8.4,1.848,0.96,50.01
2026-02-05T12:27:54,227.16,8.92,1.868,0.92,50.02
2026-02-05T12:27:55,229.04,8.43,1.837,0.95,49.98
2026-02-05T12:27:56,228.41,8.26,1.83,0.97,50.04
2026-02-05T12:27:58,231.53,1.77,0.36,0.88,50.09
2026-02-05T12:27:59,227.68,1.71,0.361,0.93,50.07
2026-02-05T12:28:00,229.13,1.6,0.346,0.95,50.01
2026-02-05T12:28:01,231.19,1.64,0.34,0.9,49.9
2026-02-05T12:28:02,230.05,1.75,0.345,0.86,49.92
2026-02-05T12:28:03,231.11,1.67,0.361,0.94,50.06
2026-02-05T12:28:04,230.19,1.56,0.343,0.95,50.05
2026-02-05T12:28:05,230.69,1.54,0.347,0.98,49.91
2026-02-05T12:28:06,229.6,1.72,0.367,0.93,49.94
2026-02-05T12:28:07,227.88,1.83,0.361,0.87,50.06
2026-02-05T12:28:08,230.74,1.62,0.347,0.93,49.98
2026-02-05T12:28:09,228.25,1.69,0.343,0.89,50.06
2026-02-05T12:28:10,229.3,1.73,0.356,0.9,49.91
2026-02-05T12:28:11,229.0,1.66,0.352,0.93,50.03
2026-02-05T12:28:12,229.48,1.58,0.342,0.94,50.06
2026-02-05T12:28:13,231.59,1.81,0.366,0.87,50.06
2026-02-05T12:28:14,228.32,1.64,0.362,0.96,50.1
2026-02-05T12:28:15,229.85,1.62,0.349,0.94,50.03
2026-02-05T12:28:16,231.08,1.57,0.336,0.92,50.0
2026-02-05T12:28:17,228.84,1.68,0.336,0.87,49.91
2026-02-05T12:28:18,229.35,1.66,0.368,0.97,50.04
2026-02-05T12:28:19,229.61,1.64,0.343,0.91,49.96
2026-02-05T12:28:20,230.05,1.68,0.331,0.86,50.02
2026-02-05T12:28:21,231.0,1.8,0.368,0.89,49.93
2026-02-05T12:28:22,231.49,1.73,0.357,0.89,50.01
2026-02-05T12:28:23,227.72,1.62,0.349,0.94,50.03
2026-02-05T12:28:24,228.35,1.71,0.352,0.9,50.05
2026-02-05T12:28:25,229.01,1.67,0.331,0.86,50.02
2026-02-05T12:28:26,229.53,1.67,0.367,0.96,50.09
2026-02-05T12:28:27,228.03,1.73,0.344,0.87,49.98
2026-02-05T12:28:28,231.14,1.83,0.368,0.87,50.0
2026-02-05T12:28:29,230.21,1.56,0.348,0.97,50.1
2026-02-05T12:28:30,230.2,1.73,0.343,0.86,49.96
2026-02-05T12:28:31,229.04,1.75,0.343,0.86,50.0
2026-02-05T12:28:32,229.83,1.57,0.349,0.97,49.93
2026-02-05T12:28:33,229.08,1.56,0.333,0.93,49.93
2026-02-05T12:28:34,230.03,1.76,0.351,0.87,49.94
2026-02-05T12:28:35,227.71,1.55,0.341,0.97,49.95
2026-02-05T12:28:36,229.6,1.78,0.362,0.89,50.02
2026-02-05T12:28:37,230.93,1.51,0.341,0.98,49.99
2026-02-05T12:28:38,229.17,1.68,0.362,0.94,49.92
2026-02-05T12:28:39,230.41,1.58,0.331,0.91,49.93
2026-02-05T12:28:40,228.72,1.59,0.347,0.96,50.08
2026-02-05T12:28:41,231.27,1.6,0.341,0.92,49.95
2026-02-05T12:28:42,230.16,1.62,0.351,0.94,49.94
2026-02-05T12:28:43,231.19,1.76,0.363,0.89,49.99
2026-02-05T12:28:44,229.56,1.54,0.342,0.97,49.99
2026-02-05T12:28:45,229.56,1.67,0.341,0.89,49.92
2026-02-05T12:28:46,228.25,1.83,0.366,0.88,50.03
2026-02-05T12:28:47,228.04,1.87,0.366,0.86,50.06
2026-02-05T12:28:48,227.95,1.77,0.345,0.85,50.07
2026-02-05T12:28:49,228.66,1.77,0.359,0.89,50.09
2026-02-05T12:28:50,231.34,1.78,0.355,0.86,49.95
2026-02-05T12:28:51,230.21,1.74,0.347,0.87,49.93
2026-02-05T12:28:52,229.4,1.83,0.357,0.85,50.07
2026-02-05T12:28:53,229.85,1.6,0.356,0.97,49.97
2026-02-05T12:28:54,230.97,1.71,0.355,0.9,49.91
2026-02-05T12:28:55,228.41,1.71,0.363,0.93,49.95
2026-02-05T12:28:56,231.16,1.74,0.355,0.89,50.03
2026-02-05T12:28:57,229.81,1.72,0.345,0.87,49.91
2026-02-05T12:28:58,231.04,1.76,0.352,0.86,50.02
2026-02-05T12:28:59,230.33,1.64,0.343,0.91,50.08
2026-02-05T12:29:00,229.03,1.5,0.334,0.97,50.01
2026-02-05T12:29:01,231.44,1.81,0.359,0.85,50.1
2026-02-05T12:29:02,230.48,1.65,0.358,0.94,49.95
2026-02-05T12:29:03,228.84,1.7,0.356,0.91,50.1
2026-02-05T12:29:04,228.41,1.62,0.336,0.91,49.92
2026-02-05T12:29:05,229.55,1.54,0.333,0.94,50.04
2026-02-05T12:29:06,230.57,1.68,0.35,0.9,49.97
2026-02-05T12:29:07,230.59,1.6,0.336,0.91,50.03
2026-02-05T12:29:08,231.47,1.77,0.356,0.87,50.05
2026-02-05T12:29:09,230.36,1.82,0.358,0.85,50.06
2026-02-05T12:29:10,229.93,1.64,0.356,0.94,49.96
2026-02-05T12:29:11,228.23,1.66,0.358,0.94,50.08
2026-02-05T12:29:12,231.29,1.75,0.354,0.87,49.97
2026-02-05T12:29:13,229.36,1.67,0.353,0.92,49.98
2026-02-05T12:29:14,231.24,1.52,0.341,0.97,50.05
2026-02-05T12:29:15,230.36,1.83,0.361,0.86,49.96
2026-02-05T12:29:16,231.24,1.73,0.358,0.9,49.95
2026-02-05T12:29:17,229.78,1.73,0.355,0.89,50.07
2026-02-05T12:29:18,230.92,1.84,0.363,0.85,49.97
2026-02-05T12:29:19,229.6,1.5,0.33,0.96,49.94
2026-02-05T12:29:20,230.51,1.72,0.351,0.89,49.98
2026-02-05T12:29:21,229.72,1.77,0.359,0.88,49.94
2026-02-05T12:29:22,231.49,1.64,0.345,0.91,50.05
2026-02-05T12:29:23,227.89,1.8,0.366,0.89,49.9
2026-02-05T12:29:24,227.87,1.61,0.332,0.9,50.08
2026-02-05T12:29:25,231.62,1.64,0.351,0.93,49.98
2026-02-05T12:29:26,231.18,1.78,0.369,0.9,50.03
2026-02-05T12:29:27,227.71,1.67,0.366,0.96,49.96
2026-02-05T12:29:28,231.53,1.5,0.336,0.97,49.98
2026-02-05T12:29:29,230.78,1.67,0.347,0.9,49.95
2026-02-05T12:29:30,230.53,1.75,0.369,0.91,50.04
2026-02-05T12:29:31,228.93,1.7,0.343,0.88,50.07
2026-02-05T12:29:32,228.95,1.61,0.341,0.93,49.96
2026-02-05T12:29:33,230.35,1.73,0.359,0.9,50.03
2026-02-05T12:29:34,228.95,1.7,0.34,0.87,49.91
2026-02-05T12:29:35,228.09,1.54,0.337,0.96,50.1
2026-02-05T12:29:36,230.44,1.67,0.348,0.9,50.01
2026-02-05T12:29:37,230.72,1.74,0.36,0.9,49.96
2026-02-05T12:29:39,229.64,1.76,0.353,0.87,49.98
2026-02-05T13:01:02,230.86,1.78,0.363,0.88,50.02
2026-02-05T13:01:03,228.02,1.73,0.36,0.91,49.91
2026-02-05T13:01:04,230.63,1.61,0.335,0.9,50.09
2026-02-05T13:01:05,230.75,1.54,0.346,0.98,50.08
2026-02-05T13:01:06,231.35,1.74,0.356,0.89,50.01
2026-02-05T13:01:07,228.34,1.57,0.334,0.93,49.98
2026-02-05T13:01:08,231.15,1.54,0.341,0.96,49.99
2026-02-05T13:01:09,231.13,1.66,0.331,0.86,49.92
2026-02-05T13:01:10,230.92,1.65,0.366,0.96,50.0
2026-02-05T13:01:11,228.3,1.67,0.334,0.88,50.04
2026-02-05T13:01:12,228.01,1.71,0.338,0.87,50.04
2026-02-05T13:01:13,228.09,1.73,0.347,0.88,50.0
2026-02-05T13:01:14,228.22,1.64,0.357,0.96,50.01
2026-02-05T13:01:15,231.17,1.8,0.365,0.88,50.01
2026-02-05T13:01:16,230.85,1.58,0.341,0.93,49.99
2026-02-05T13:01:17,231.35,1.53,0.345,0.98,49.95
2026-02-05T13:01:18,230.89,1.76,0.355,0.87,49.96
2026-02-05T13:01:19,231.09,1.63,0.365,0.97,49.99
2026-02-05T13:01:20,229.52,1.49,0.332,0.97,49.98
2026-02-05T13:01:21,228.91,1.64,0.363,0.97,49.95
2026-02-05T13:01:22,228.09,1.65,0.346,0.92,49.98
2026-02-05T13:01:23,228.9,1.52,0.331,0.95,49.91
2026-02-05T13:01:24,227.8,1.58,0.33,0.92,49.97
2026-02-05T13:01:25,229.21,1.81,0.366,0.88,49.95
2026-02-05T13:01:26,229.41,1.65,0.336,0.89,50.04
2026-02-05T13:01:27,230.02,1.8,0.367,0.88,50.02
2026-02-05T13:01:28,229.81,1.65,0.36,0.95,49.91
2026-02-05T13:01:29,229.33,1.59,0.343,0.94,49.92
2026-02-05T13:01:30,229.91,1.83,0.364,0.87,50.1
2026-02-05T13:01:31,231.61,1.65,0.334,0.88,50.05
2026-02-05T13:01:32,227.76,1.63,0.344,0.93,49.98
2026-02-05T13:01:33,229.11,1.58,0.351,0.97,50.04
2026-02-05T13:01:35,228.97,1.66,0.358,0.94,49.96
2026-02-05T13:01:36,229.25,1.85,0.367,0.87,49.93
2026-02-05T13:01:37,231.63,1.68,0.366,0.94,50.04
2026-02-05T13:01:38,231.54,1.58,0.358,0.98,50.09
2026-02-05T13:01:39,228.21,1.63,0.335,0.9,49.94
2026-02-05T13:01:40,231.48,1.66,0.352,0.92,49.97
2026-02-05T13:01:41,228.35,1.54,0.336,0.96,49.93
2026-02-05T13:01:42,227.66,1.76,0.344,0.86,50.09
2026-02-05T13:01:43,231.19,1.77,0.364,0.89,50.04
2026-02-05T13:01:44,231.0,1.56,0.341,0.95,50.01
2026-02-06T11:28:41,231.53,1.74,0.358,0.89,49.97
2026-02-06T11:28:42,228.23,1.71,0.342,0.87,49.96
2026-02-06T11:28:43,227.83,1.55,0.337,0.95,49.93
2026-02-06T11:28:44,229.99,1.6,0.335,0.91,49.95
2026-02-06T11:28:45,230.88,1.71,0.363,0.92,49.94
2026-02-06T11:28:46,230.6,1.76,0.345,0.85,50.08
2026-02-06T11:28:47,230.07,1.66,0.331,0.87,50.02
2026-02-06T11:28:48,231.47,1.75,0.37,0.91,49.93
2026-02-06T11:28:49,228.8,1.5,0.335,0.98,49.92
2026-02-06T11:28:50,229.36,1.51,0.334,0.96,50.06
2026-02-06T11:28:51,229.13,1.73,0.345,0.87,50.05
2026-02-06T11:28:52,228.76,1.65,0.369,0.98,49.91
2026-02-06T11:28:53,227.79,1.7,0.359,0.93,49.95
2026-02-06T11:28:54,231.25,1.81,0.363,0.87,49.97
2026-02-06T11:28:55,230.55,1.65,0.37,0.97,50.04
2026-02-06T11:28:56,231.31,1.8,0.366,0.88,50.09
2026-02-06T11:28:57,228.37,1.79,0.366,0.9,50.09
2026-02-06T11:28:58,228.73,1.72,0.358,0.91,50.07
2026-02-06T11:28:59,228.98,1.54,0.332,0.94,49.91
2026-02-06T11:29:00,228.54,1.76,0.362,0.9,50.05
2026-02-06T11:29:01,228.49,1.8,0.358,0.87,49.99
2026-02-06T11:29:02,227.91,1.7,0.347,0.89,49.91
2026-02-06T11:29:03,231.52,1.57,0.353,0.97,50.02
2026-02-06T11:29:04,231.53,1.69,0.356,0.91,50.08
2026-02-06T11:29:05,229.57,1.78,0.35,0.86,50.09
2026-02-06T11:29:06,227.96,1.85,0.364,0.86,50.0
2026-02-06T11:29:07,230.92,1.71,0.346,0.88,50.02
2026-02-06T11:29:08,231.12,1.7,0.37,0.94,50.09
2026-02-06T11:29:09,229.53,1.71,0.336,0.86,50.04
2026-02-06T11:29:10,230.74,1.59,0.331,0.9,49.95
2026-02-06T11:29:11,228.12,1.64,0.336,0.9,50.06
2026-02-06T11:29:12,228.1,1.75,0.368,0.92,50.01
2026-02-06T11:29:13,228.56,1.73,0.361,0.92,50.05
2026-02-06T11:29:14,229.69,1.57,0.336,0.93,50.08
2026-02-06T11:29:15,231.59,1.68,0.353,0.91,49.92
2026-02-06T11:29:16,227.9,1.69,0.335,0.87,49.93
2026-02-06T11:29:17,231.32,1.56,0.347,0.97,49.93
2026-02-06T11:29:18,230.41,1.59,0.352,0.96,49.91
2026-02-06T11:29:19,230.56,1.77,0.348,0.85,50.04
2026-02-06T11:29:20,227.9,1.61,0.333,0.9,50.0
2026-02-06T11:29:21,231.48,1.58,0.336,0.92,50.09
2026-02-06T11:29:22,228.99,1.52,0.333,0.95,50.01
2026-02-06T11:29:23,227.97,1.64,0.346,0.92,50.01
2026-02-06T11:29:24,228.63,1.7,0.348,0.9,50.02
2026-02-06T11:29:25,231.39,1.57,0.336,0.93,49.91
2026-02-06T11:29:26,228.88,1.61,0.337,0.91,50.06
2026-02-06T11:29:27,230.51,1.82,0.37,0.88,49.97
2026-02-06T11:29:28,230.49,1.57,0.345,0.95,50.09
2026-02-06T11:29:29,231.42,1.76,0.362,0.89,49.96
2026-02-06T11:29:30,230.68,1.68,0.352,0.91,50.03
2026-02-06T11:29:31,227.77,1.86,0.363,0.86,50.06
2026-02-06T11:29:32,228.89,1.76,0.352,0.87,50.06
2026-02-06T11:29:33,228.59,1.77,0.352,0.87,49.95
2026-02-06T11:29:34,229.25,1.78,0.36,0.88,49.94
2026-02-06T11:29:35,228.88,1.75,0.356,0.89,49.94
2026-02-06T11:29:36,228.4,1.69,0.348,0.9,49.92
2026-02-06T11:29:37,230.14,1.63,0.367,0.98,49.98
2026-02-06T11:29:38,230.12,1.68,0.366,0.95,50.1
2026-02-06T11:29:39,229.62,1.67,0.336,0.87,50.01
2026-02-06T11:29:40,229.81,1.56,0.341,0.95,49.98
2026-02-06T11:29:41,230.23,1.55,0.337,0.94,50.02
2026-02-06T11:29:42,229.03,1.84,0.363,0.86,50.0
2026-02-06T11:29:43,230.91,1.68,0.356,0.92,50.01
2026-02-06T11:29:44,228.93,1.72,0.353,0.89,49.93
2026-02-06T11:29:45,231.21,1.69,0.364,0.93,49.92
2026-02-06T11:29:46,231.22,1.69,0.342,0.87,50.04
2026-02-06T11:29:47,229.82,1.61,0.357,0.97,49.93
2026-02-06T11:29:48,229.24,1.75,0.369,0.92,49.92
2026-02-06T11:29:49,228.74,1.78,0.357,0.88,49.94
2026-02-06T11:29:50,228.51,1.84,0.365,0.87,49.95
2026-02-06T11:29:51,227.72,1.76,0.351,0.88,50.08
2026-02-06T11:29:52,229.68,1.71,0.334,0.85,49.98
2026-02-06T11:29:53,227.66,1.74,0.345,0.87,50.02
2026-02-06T11:29:54,227.91,1.68,0.368,0.96,49.97
2026-02-06T11:29:55,229.18,1.64,0.361,0.96,49.98
2026-02-06T11:29:56,229.47,1.75,0.359,0.9,49.93
2026-02-06T11:29:57,231.09,1.69,0.357,0.92,50.06
2026-02-06T11:29:58,230.4,1.87,0.369,0.86,49.97
2026-02-06T11:29:59,230.08,1.73,0.361,0.9,50.02
2026-02-06T11:30:00,227.71,1.79,0.365,0.89,50.09
2026-02-06T11:30:01,230.02,1.71,0.341,0.87,49.9
2026-02-06T11:30:02,231.35,1.53,0.335,0.95,50.08
2026-02-06T11:30:03,230.51,1.64,0.342,0.9,50.02
2026-02-06T11:30:04,230.15,1.57,0.339,0.94,49.93
2026-02-06T11:30:05,230.58,1.64,0.358,0.95,49.96
2026-02-06T11:30:06,229.55,1.61,0.333,0.9,50.01
2026-02-06T11:30:07,231.44,1.66,0.359,0.93,49.96
2026-02-06T11:30:08,229.46,1.74,0.364,0.91,50.08
2026-02-06T11:30:09,229.8,1.64,0.349,0.93,49.99
2026-02-06T11:30:10,229.25,1.72,0.359,0.91,49.97
2026-02-06T11:30:11,229.52,1.61,0.34,0.92,50.08
2026-02-06T11:30:12,230.48,1.6,0.356,0.96,49.94
2026-02-06T11:30:13,228.87,1.59,0.335,0.92,49.97
2026-02-06T11:30:14,228.85,1.71,0.35,0.9,49.95
2026-02-06T11:30:15,230.21,1.79,0.359,0.87,49.94
2026-02-06T11:30:16,230.28,1.7,0.344,0.88,50.06
2026-02-06T11:30:17,229.36,1.63,0.363,0.97,49.96
2026-02-06T11:30:18,228.56,1.6,0.333,0.91,49.98
2026-02-06T11:30:19,230.87,1.55,0.331,0.92,50.03
2026-02-06T11:30:20,228.6,1.61,0.346,0.94,50.09
2026-02-06T11:35:42,231.28,1.66,0.346,0.9,50.03
2026-02-06T11:35:43,228.99,1.68,0.361,0.94,50.1
2026-02-06T11:35:44,231.38,1.7,0.344,0.87,49.91
2026-02-06T11:35:45,228.05,1.81,0.361,0.88,49.97
2026-02-06T11:35:46,231.23,1.64,0.347,0.91,50.08
2026-02-06T11:35:47,231.43,1.67,0.334,0.86,49.94
2026-02-06T11:35:48,230.14,1.67,0.359,0.94,49.96
2026-02-06T11:35:49,229.96,1.7,0.354,0.91,49.99
2026-02-06T11:35:50,227.7,1.54,0.33,0.94,50.04
2026-02-06T11:35:51,231.28,1.66,0.338,0.88,49.93
2026-02-09T22:37:29,227.56,2.58,0.531,0.91,49.98,"{'ac_on': False, 'heater_on': False, 'washing_machine_on': False, 'ev_charger_on': False, 'lights_on': False}"
2026-02-09T22:37:30,231.67,1.17,0.247,0.91,50.06,"{'ac_on': False, 'heater_on': False, 'washing_machine_on': False, 'ev_charger_on': False, 'lights_on': False}"
2026-02-09T22:37:31,227.91,1.96,0.391,0.88,49.95,"{'ac_on': False, 'heater_on': False, 'washing_machine_on': False, 'ev_charger_on': False, 'lights_on': False}"
2026-02-09T22:37:32,230.85,1.44,0.305,0.92,50.09,"{'ac_on': False, 'heater_on': False, 'washing_machine_on': False, 'ev_charger_on': False, 'lights_on': False}"
2026-02-09T22:37:33,229.59,2.14,0.479,0.97,50.07,"{'ac_on': False, 'heater_on': False, 'washing_machine_on': False, 'ev_charger_on': False, 'lights_on': False}"
2026-02-09T22:37:34,227.52,2.45,0.54,0.97,50.0,"{'ac_on': False, 'heater_on': False, 'washing_machine_on': False, 'ev_charger_on': False, 'lights_on': False}"
2026-02-09T22:37:35,231.11,2.22,0.462,0.9,49.96,"{'ac_on': False, 'heater_on': False, 'washing_machine_on': False, 'ev_charger_on': False, 'lights_on': False}"
2026-02-09T22:37:36,231.05,2.5,0.554,0.96,49.97,"{'ac_on': False, 'heater_on': False, 'washing_machine_on': False, 'ev_charger_on': False, 'lights_on': False}"
2026-02-09T22:37:37,230.59,2.11,0.466,0.96,50.04,"{'ac_on': False, 'heater_on': False, 'washing_machine_on': False, 'ev_charger_on': False, 'lights_on': False}"
2026-02-09T22:37:38,231.31,2.55,0.523,0.89,50.07,"{'ac_on': False, 'heater_on': False, 'washing_machine_on': False, 'ev_charger_on': False, 'lights_on': False}"
2026-02-09T22:37:39,230.15,2.42,0.538,0.97,49.94,"{'ac_on': False, 'heater_on': False, 'washing_machine_on': False, 'ev_charger_on': False, 'lights_on': False}"
2026-02-09T22:37:40,230.11,1.42,0.284,0.87,49.95,"{'ac_on': False, 'heater_on': False, 'washing_machine_on': False, 'ev_charger_on': False, 'lights_on': False}"
2026-02-09T22:37:41,229.43,1.61,0.315,0.85,49.91,"{'ac_on': False, 'heater_on': False, 'washing_machine_on': False, 'ev_charger_on': False, 'lights_on': False}"
2026-02-09T22:37:42,229.09,2.28,0.45,0.86,50.04,"{'ac_on': False, 'heater_on': False, 'washing_machine_on': False, 'ev_charger_on': False, 'lights_on': False}"
2026-02-09T22:37:43,228.9,1.77,0.377,0.93,49.95,"{'ac_on': False, 'heater_on': False, 'washing_machine_on': False, 'ev_charger_on': False, 'lights_on': False}"
2026-02-09T22:37:44,230.44,1.31,0.287,0.95,49.95,"{'ac_on': False, 'heater_on': False, 'washing_machine_on': False, 'ev_charger_on': False, 'lights_on': False}"
2026-02-09T22:37:45,230.69,2.0,0.424,0.92,49.97,"{'ac_on': False, 'heater_on': False, 'washing_machine_on': False, 'ev_charger_on': False, 'lights_on': False}"
2026-02-09T22:37:46,230.17,2.18,0.437,0.87,50.05,"{'ac_on': False, 'heater_on': False, 'washing_machine_on': False, 'ev_charger_on': False, 'lights_on': False}"
2026-02-09T22:37:48,229.1,2.28,0.485,0.93,49.91,"{'ac_on': False, 'heater_on': False, 'washing_machine_on': False, 'ev_charger_on': False, 'lights_on': False}"
2026-02-09T22:37:49,228.65,2.22,0.458,0.9,49.99,"{'ac_on': False, 'heater_on': False, 'washing_machine_on': False, 'ev_charger_on': False, 'lights_on': False}"
2026-02-09T22:37:50,229.33,1.25,0.261,0.91,49.93,"{'ac_on': False, 'heater_on': False, 'washing_machine_on': False, 'ev_charger_on': False, 'lights_on': False}"
2026-02-09T22:37:51,228.39,1.57,0.315,0.88,50.05,"{'ac_on': False, 'heater_on': False, 'washing_machine_on': False, 'ev_charger_on': False, 'lights_on': False}"
2026-02-09T22:37:52,231.29,2.06,0.42,0.88,50.07,"{'ac_on': False, 'heater_on': False, 'washing_machine_on': False, 'ev_charger_on': False, 'lights_on': False}"
2026-02-09T22:37:53,228.35,2.53,0.541,0.94,50.01,"{'ac_on': False, 'heater_on': False, 'washing_machine_on': False, 'ev_charger_on': False, 'lights_on': False}"
2026-02-09T22:37:54,228.34,1.89,0.421,0.98,49.99,"{'ac_on': False, 'heater_on': False, 'washing_machine_on': False, 'ev_charger_on': False, 'lights_on': False}"
2026-02-09T22:37:55,228.11,2.29,0.499,0.95,49.96,"{'ac_on': False, 'heater_on': False, 'washing_machine_on': False, 'ev_charger_on': False, 'lights_on': False}"
2026-02-09T22:37:56,230.75,1.49,0.313,0.91,50.08,"{'ac_on': False, 'heater_on': False, 'washing_machine_on': False, 'ev_charger_on': False, 'lights_on': False}"
2026-02-09T22:37:57,228.7,2.5,0.489,0.86,49.98,"{'ac_on': False, 'heater_on': False, 'washing_machine_on': False, 'ev_charger_on': False, 'lights_on': False}"
2026-02-09T22:37:58,230.48,1.8,0.382,0.92,49.9,"{'ac_on': False, 'heater_on': False, 'washing_machine_on': False, 'ev_charger_on': False, 'lights_on': False}"
2026-02-09T22:37:59,229.55,1.53,0.325,0.92,50.07,"{'ac_on': False, 'heater_on': False, 'washing_machine_on': False, 'ev_charger_on': False, 'lights_on': False}"
2026-02-09T22:38:00,228.61,2.54,0.53,0.91,49.91,"{'ac_on': False, 'heater_on': False, 'washing_machine_on': False, 'ev_charger_on': False, 'lights_on': False}"
2026-02-09T22:38:01,231.1,1.75,0.349,0.86,49.91,"{'ac_on': False, 'heater_on': False, 'washing_machine_on': False, 'ev_charger_on': False, 'lights_on': False}"
2026-02-09T22:38:02,228.48,2.38,0.464,0.85,49.99,"{'ac_on': False, 'heater_on': False, 'washing_machine_on': False, 'ev_charger_on': False, 'lights_on': False}"
2026-02-09T22:38:03,228.47,2.46,0.545,0.97,49.97,"{'ac_on': False, 'heater_on': False, 'washing_machine_on': False, 'ev_charger_on': False, 'lights_on': False}"
2026-02-09T22:38:04,230.77,2.22,0.442,0.86,50.06,"{'ac_on': False, 'heater_on': False, 'washing_machine_on': False, 'ev_charger_on': False, 'lights_on': False}"
2026-02-09T22:38:05,227.55,2.53,0.56,0.97,50.07,"{'ac_on': False, 'heater_on': False, 'washing_machine_on': False, 'ev_charger_on': False, 'lights_on': False}"
2026-02-09T22:38:06,227.81,2.3,0.499,0.95,49.94,"{'ac_on': False, 'heater_on': False, 'washing_machine_on': False, 'ev_charger_on': False, 'lights_on': False}"
2026-02-09T22:38:07,228.59,1.6,0.353,0.96,49.91,"{'ac_on': False, 'heater_on': False, 'washing_machine_on': False, 'ev_charger_on': False, 'lights_on': False}"
2026-02-09T22:38:08,229.99,2.36,0.507,0.94,50.1,"{'ac_on': False, 'heater_on': False, 'washing_machine_on': False, 'ev_charger_on': False, 'lights_on': False}"
2026-02-09T22:38:10,229.74,1.36,0.27,0.86,49.97,"{'ac_on': False, 'heater_on': False, 'washing_machine_on': False, 'ev_charger_on': False, 'lights_on': False}"
2026-02-09T22:38:11,229.62,2.44,0.495,0.88,49.93,"{'ac_on': False, 'heater_on': False, 'washing_machine_on': False, 'ev_charger_on': False, 'lights_on': False}"
2026-02-09T22:39:52,230.45,2.44,0.485,0.86,50.06,"{'ac_on': False, 'heater_on': False, 'washing_machine_on': False, 'ev_charger_on': False, 'lights_on': False}"
2026-02-09T22:39:53,228.37,1.51,0.296,0.86,49.95,"{'ac_on': False, 'heater_on': False, 'washing_machine_on': False, 'ev_charger_on': False, 'lights_on': False}"
2026-02-09T22:39:54,230.41,1.27,0.265,0.91,49.92,"{'ac_on': False, 'heater_on': False, 'washing_machine_on': False, 'ev_charger_on': False, 'lights_on': False}"
2026-02-09T22:39:55,230.42,2.1,0.443,0.91,50.09,"{'ac_on': False, 'heater_on': False, 'washing_machine_on': False, 'ev_charger_on': False, 'lights_on': False}"
2026-02-09T23:00:15,230.93,0.79,0.17,0.93,49.93
2026-02-09T23:00:16,229.63,0.61,0.134,0.95,50.08
2026-02-09T23:00:17,230.36,0.7,0.143,0.89,50.07
2026-02-09T23:00:17,230.42,0.76,0.15,0.86,50.02
2026-02-09T23:00:18,229.86,0.7,0.145,0.9,50.09
2026-02-09T23:00:18,231.65,0.61,0.136,0.96,49.94
2026-02-09T23:00:19,231.14,0.7,0.139,0.86,50.03
2026-02-09T23:00:19,231.38,0.7,0.151,0.93,50.09
2026-02-09T23:00:20,229.38,0.79,0.164,0.91,50.0
2026-02-09T23:00:20,229.49,0.68,0.15,0.95,49.95
2026-02-09T23:00:21,231.77,0.68,0.15,0.95,50.08
2026-02-09T23:00:22,229.95,0.66,0.135,0.89,49.98
2026-02-09T23:00:22,228.28,0.7,0.14,0.87,49.94
2026-02-09T23:00:23,230.19,0.71,0.145,0.89,49.93
2026-02-09T23:00:23,228.49,0.77,0.156,0.89,50.06
2026-02-09T23:00:24,231.79,0.68,0.145,0.92,49.94
2026-02-09T23:00:24,231.46,0.73,0.154,0.91,50.07
2026-02-09T23:00:25,231.5,0.76,0.158,0.9,50.01
2026-02-09T23:00:25,229.65,0.69,0.154,0.97,50.06
2026-02-09T23:00:26,228.1,0.72,0.145,0.88,49.98
2026-02-09T23:00:40,231.57,0.76,0.166,0.95,49.91
2026-02-09T23:00:41,231.72,0.75,0.163,0.94,50.07
2026-02-09T23:00:42,230.44,0.65,0.135,0.9,50.08
2026-02-09T23:00:42,231.29,0.79,0.167,0.91,50.01
2026-02-09T23:00:43,227.93,0.76,0.149,0.87,49.92
2026-02-09T23:00:43,228.41,0.78,0.153,0.86,50.05
2026-02-09T23:00:44,230.69,0.75,0.149,0.86,49.9
2026-02-09T23:00:44,229.28,0.75,0.148,0.86,49.96
2026-02-09T23:00:45,228.39,0.8,0.16,0.88,50.03
2026-02-09T23:00:45,230.45,0.72,0.157,0.94,49.95
2026-02-09T23:00:46,229.39,0.74,0.166,0.98,49.98
2026-02-09T23:00:46,230.9,0.77,0.159,0.9,50.04
2026-02-09T23:00:47,229.24,0.73,0.151,0.9,49.97
2026-02-09T23:00:47,229.1,0.79,0.161,0.89,50.01
2026-02-09T23:00:48,228.94,0.7,0.154,0.96,50.02
2026-02-09T23:00:49,228.99,0.6,0.133,0.97,50.03
2026-02-09T23:00:49,230.87,0.72,0.143,0.86,50.06
2026-02-09T23:00:50,229.09,0.69,0.149,0.94,49.93
2026-02-09T23:00:50,228.36,0.66,0.135,0.9,50.06
2026-02-09T23:00:51,229.51,0.76,0.158,0.91,50.08
2026-02-09T23:01:03,228.66,0.67,0.135,0.88,49.99
2026-02-09T23:01:04,230.81,0.68,0.147,0.93,49.9
2026-02-09T23:01:04,231.77,0.64,0.138,0.93,49.99
2026-02-09T23:01:05,229.89,0.81,0.168,0.9,49.98
2026-02-09T23:01:06,230.79,0.61,0.131,0.93,49.98
2026-02-09T23:01:06,230.62,0.71,0.149,0.91,50.03
2026-02-09T23:01:07,229.25,0.69,0.146,0.93,49.97
2026-02-09T23:01:07,231.37,0.81,0.161,0.86,50.04
2026-02-09T23:01:08,231.29,0.65,0.144,0.95,49.99
2026-02-09T23:01:08,230.93,0.62,0.139,0.98,49.92
2026-02-09T23:01:09,230.89,0.61,0.133,0.95,50.01
2026-02-09T23:01:09,231.71,0.66,0.133,0.88,50.02
2026-02-09T23:01:10,230.51,0.64,0.14,0.95,49.91
2026-02-09T23:01:10,229.39,0.66,0.142,0.94,49.91
2026-02-09T23:01:11,231.07,0.64,0.134,0.91,49.99
2026-02-09T23:01:12,230.68,0.73,0.15,0.89,50.03
2026-02-09T23:01:12,230.32,0.65,0.141,0.94,49.92
2026-02-09T23:01:13,231.81,0.68,0.149,0.94,50.08
2026-02-09T23:01:13,228.09,0.66,0.145,0.96,50.1
2026-02-09T23:01:14,228.3,0.75,0.149,0.87,49.95
2026-02-09T23:01:28,228.19,0.64,0.132,0.89,50.1
2026-02-09T23:01:28,228.94,0.72,0.152,0.93,50.0
2026-02-09T23:01:29,228.26,0.71,0.14,0.86,50.05
2026-02-09T23:01:29,229.25,0.61,0.131,0.93,50.0
2026-02-09T23:01:30,231.17,0.75,0.149,0.86,49.91
2026-02-09T23:01:31,231.38,0.71,0.157,0.95,49.93
2026-02-09T23:01:31,228.53,0.68,0.138,0.89,49.94
2026-02-09T23:01:32,229.41,0.69,0.149,0.94,49.99
2026-02-09T23:01:32,231.15,0.66,0.15,0.98,50.0
2026-02-09T23:01:33,230.29,0.61,0.133,0.95,49.9
2026-02-09T23:01:33,228.56,0.79,0.155,0.85,50.05
2026-02-09T23:01:34,231.28,0.73,0.145,0.86,50.0
2026-02-09T23:01:34,230.7,0.64,0.142,0.97,49.98
2026-02-09T23:01:35,228.32,0.71,0.149,0.92,50.08
2026-02-09T23:01:35,230.69,0.75,0.15,0.87,50.02
2026-02-09T23:01:36,231.31,0.61,0.132,0.93,50.04
2026-02-09T23:01:36,228.45,0.64,0.138,0.95,50.01
2026-02-09T23:01:37,230.14,0.62,0.138,0.97,50.02
2026-02-09T23:01:37,231.15,0.78,0.164,0.9,50.08
2026-02-09T23:01:38,229.09,0.79,0.155,0.86,50.08
2026-02-09T23:01:50,229.17,0.77,0.164,0.93,49.93
2026-02-09T23:01:50,228.42,0.68,0.136,0.88,50.1
2026-02-09T23:01:51,230.21,0.76,0.168,0.96,50.05
2026-02-09T23:01:51,228.89,0.81,0.169,0.91,49.93
2026-02-09T23:01:52,231.03,0.63,0.131,0.89,50.09
2026-02-09T23:01:52,231.34,0.73,0.157,0.92,49.94
2026-02-09T23:01:53,229.13,0.75,0.163,0.95,50.1
2026-02-09T23:01:53,230.26,0.65,0.139,0.92,50.09
2026-02-09T23:01:54,228.44,0.79,0.16,0.89,49.91
2026-02-09T23:01:54,230.75,0.8,0.163,0.89,50.02
2026-02-09T23:01:55,230.16,0.65,0.14,0.94,50.06
2026-02-09T23:01:56,228.63,0.68,0.141,0.91,49.99
2026-02-09T23:01:56,227.98,0.75,0.15,0.88,49.98
2026-02-09T23:01:57,228.85,0.74,0.155,0.91,49.91
2026-02-09T23:01:57,231.66,0.66,0.135,0.87,50.0
2026-02-09T23:01:58,231.67,0.75,0.161,0.92,50.08
2026-02-09T23:01:58,229.1,0.79,0.156,0.86,49.9
2026-02-09T23:01:59,231.13,0.66,0.138,0.91,49.96
2026-02-09T23:01:59,228.89,0.76,0.165,0.96,49.95
2026-02-09T23:02:00,229.04,0.81,0.167,0.9,50.01
2026-02-11T10:28:16,228.23,1.72,0.363,0.93,49.96
2026-02-11T10:28:17,230.52,1.5,0.338,0.98,50.08
2026-02-11T10:28:17,230.27,1.58,0.337,0.93,50.04
2026-02-11T10:28:18,229.13,1.6,0.338,0.92,49.95
2026-02-11T10:28:18,231.02,1.6,0.352,0.95,50.07
2026-02-11T10:28:19,231.02,1.62,0.364,0.97,49.92
2026-02-11T10:28:19,228.74,1.78,0.354,0.87,49.92
2026-02-11T10:28:20,227.68,1.7,0.365,0.94,49.92
2026-02-11T10:28:20,230.43,1.76,0.345,0.85,50.05
2026-02-11T10:28:21,231.2,1.82,0.36,0.86,50.06
2026-02-11T10:28:22,229.79,1.67,0.352,0.92,49.97
2026-02-11T10:28:22,229.16,1.51,0.335,0.97,49.96
2026-02-11T10:28:23,231.0,1.74,0.364,0.91,50.0
2026-02-11T10:28:23,228.03,1.59,0.338,0.93,49.96
2026-02-11T10:28:24,230.23,1.79,0.367,0.89,49.97
2026-02-11T10:28:24,230.0,1.56,0.344,0.96,50.07
2026-02-11T10:28:25,231.63,1.52,0.337,0.96,50.07
2026-02-11T10:28:25,229.58,1.77,0.355,0.88,49.91
2026-02-11T10:28:26,230.02,1.69,0.362,0.93,50.0
2026-02-11T10:28:26,228.91,1.73,0.346,0.87,49.99
2026-02-11T10:28:31,229.77,1.63,0.332,0.89,49.92
2026-02-11T10:28:31,229.0,1.53,0.33,0.94,49.95
2026-02-11T10:28:32,229.23,1.75,0.364,0.91,49.93
2026-02-11T10:28:32,231.15,1.64,0.367,0.97,50.02
2026-02-11T10:28:33,230.54,1.76,0.346,0.85,49.91
2026-02-11T10:28:34,228.01,1.76,0.353,0.88,49.95
2026-02-11T10:28:34,231.42,1.59,0.338,0.92,49.92
2026-02-11T10:28:35,230.87,1.83,0.37,0.87,49.93
2026-02-11T10:28:35,230.24,1.55,0.344,0.96,50.09
2026-02-11T10:28:36,229.77,1.59,0.341,0.94,49.97
2026-02-11T10:28:36,228.64,1.6,0.352,0.96,50.04
2026-02-11T10:28:37,229.27,1.59,0.334,0.91,49.93
2026-02-11T10:28:37,230.3,1.79,0.356,0.86,50.01
2026-02-11T10:28:38,229.0,1.61,0.332,0.9,49.94
2026-02-11T10:28:38,229.58,1.7,0.37,0.95,49.95
2026-02-11T10:28:39,231.39,1.87,0.368,0.85,50.1
2026-02-11T10:28:39,231.34,1.64,0.345,0.91,50.04
2026-02-11T10:28:40,230.37,1.62,0.345,0.93,50.06
2026-02-11T10:28:40,231.6,1.64,0.337,0.89,49.93
2026-02-11T10:28:41,229.18,1.54,0.338,0.96,49.98
2026-02-11T10:28:46,230.89,1.68,0.367,0.94,49.96
2026-02-11T10:28:46,229.44,1.54,0.331,0.94,49.92
2026-02-11T10:28:47,231.45,1.68,0.349,0.9,50.02
2026-02-11T10:28:47,231.14,1.76,0.355,0.87,50.0
2026-02-11T10:28:48,228.17,1.72,0.356,0.91,50.03
2026-02-11T10:28:48,229.78,1.87,0.366,0.85,50.0
2026-02-11T10:28:49,229.57,1.71,0.339,0.87,49.95
2026-02-11T10:28:49,229.76,1.67,0.358,0.94,50.02
2026-02-11T10:28:50,228.42,1.6,0.356,0.97,50.09
2026-02-11T10:28:50,230.85,1.64,0.349,0.92,49.92
2026-02-11T10:28:51,229.29,1.66,0.349,0.92,50.09
2026-02-11T10:28:51,229.34,1.78,0.369,0.9,49.94
2026-02-11T10:28:52,228.91,1.84,0.358,0.85,50.09
2026-02-11T10:28:53,231.18,1.6,0.333,0.9,49.94
2026-02-11T10:28:53,231.04,1.59,0.358,0.97,50.07
2026-02-11T10:28:54,229.82,1.72,0.348,0.88,49.92
2026-02-11T10:28:54,229.56,1.69,0.354,0.91,50.06
2026-02-11T10:28:55,228.36,1.65,0.354,0.94,50.1
2026-02-11T10:28:55,231.0,1.79,0.365,0.88,50.09
2026-02-11T10:28:56,229.28,1.64,0.364,0.97,50.01
2026-02-11T10:29:00,231.52,1.58,0.347,0.95,50.1
2026-02-11T10:29:01,231.45,1.61,0.358,0.96,50.1
2026-02-11T10:29:01,229.07,1.59,0.339,0.93,49.94
2026-02-11T10:29:02,231.64,1.64,0.358,0.94,49.94
2026-02-11T10:29:02,228.95,1.6,0.345,0.94,49.93
2026-02-11T10:29:03,227.65,1.67,0.367,0.96,50.06
2026-02-11T10:29:03,231.38,1.6,0.348,0.94,50.02
2026-02-11T10:29:04,230.71,1.62,0.349,0.93,50.06
2026-02-11T10:29:04,229.52,1.54,0.335,0.95,49.99
2026-02-11T10:29:05,228.02,1.69,0.344,0.89,49.97
2026-02-11T10:29:05,230.88,1.58,0.351,0.96,50.03
2026-02-11T10:29:06,229.85,1.66,0.362,0.95,50.0
2026-02-11T10:29:06,231.07,1.67,0.336,0.87,50.05
2026-02-11T10:29:07,230.04,1.68,0.336,0.87,50.08
2026-02-11T10:29:07,228.95,1.77,0.366,0.91,49.94
2026-02-11T10:29:08,229.17,1.64,0.335,0.89,50.07
2026-02-11T10:29:08,228.69,1.61,0.337,0.92,50.0
2026-02-11T10:29:09,230.68,1.7,0.368,0.94,50.09
2026-02-11T10:29:10,227.86,1.65,0.351,0.94,49.94
2026-02-11T10:29:10,228.98,1.64,0.336,0.89,49.92
2026-02-11T10:29:14,231.22,1.59,0.35,0.95,50.06
2026-02-11T10:29:15,229.16,1.76,0.344,0.85,49.97
2026-02-11T10:29:15,230.31,1.56,0.352,0.98,50.07
2026-02-11T10:29:16,228.13,1.71,0.366,0.94,49.91
2026-02-11T10:29:16,228.51,1.59,0.337,0.93,49.99
2026-02-11T10:29:17,229.22,1.69,0.364,0.94,50.08
2026-02-11T10:29:17,228.75,1.63,0.34,0.91,49.96
2026-02-11T10:29:18,229.93,1.74,0.367,0.92,49.98
2026-02-11T10:29:18,231.35,1.79,0.364,0.88,50.05
2026-02-11T10:29:19,230.66,1.59,0.337,0.92,49.96
2026-02-11T10:29:19,231.63,1.58,0.354,0.96,50.06
2026-02-11T10:29:20,231.32,1.59,0.345,0.94,49.99
2026-02-11T10:29:20,230.17,1.6,0.356,0.97,49.98
2026-02-11T10:29:21,229.64,1.72,0.366,0.92,50.0
2026-02-11T10:29:22,228.92,1.65,0.353,0.94,49.99
2026-02-11T10:29:22,227.79,1.82,0.354,0.85,50.08
2026-02-11T10:29:23,229.78,1.75,0.352,0.87,50.03
2026-02-11T10:29:23,229.18,1.6,0.358,0.98,49.95
2026-02-11T10:29:24,229.7,1.62,0.338,0.91,50.05
2026-02-11T10:29:24,229.91,1.72,0.36,0.91,49.99
2026-02-11T10:29:35,229.5,1.71,0.362,0.92,50.05
2026-02-11T10:29:35,230.7,1.72,0.368,0.93,50.04
2026-02-11T10:29:36,228.96,1.71,0.336,0.86,50.05
2026-02-11T10:29:37,231.32,1.73,0.358,0.9,50.08
2026-02-11T10:29:37,228.15,1.64,0.338,0.9,50.0
2026-02-11T10:29:38,230.72,1.51,0.341,0.97,50.06
2026-02-11T10:29:38,228.54,1.71,0.335,0.85,49.96
2026-02-11T10:29:39,231.36,1.66,0.357,0.93,49.95
2026-02-11T10:29:39,229.95,1.73,0.35,0.88,50.08
2026-02-11T10:29:40,230.01,1.75,0.365,0.91,50.05
2026-02-11T10:29:40,228.26,1.78,0.368,0.9,50.1
2026-02-11T10:29:41,231.15,1.67,0.358,0.92,50.03
2026-02-11T10:29:41,229.27,1.57,0.349,0.97,50.0
2026-02-11T10:29:42,229.74,1.74,0.342,0.85,50.06
2026-02-11T10:29:42,230.74,1.78,0.365,0.89,49.94
2026-02-11T10:29:43,231.15,1.63,0.355,0.95,50.0
2026-02-11T10:29:43,228.56,1.59,0.344,0.95,50.05
2026-02-11T10:29:44,231.66,1.54,0.331,0.93,50.0
2026-02-11T10:29:44,228.72,1.67,0.337,0.88,50.05
2026-02-11T10:29:45,229.14,1.71,0.346,0.88,50.09
2026-02-11T10:29:50,229.91,1.67,0.346,0.9,49.99
2026-02-11T10:29:50,231.6,1.52,0.333,0.95,50.03
2026-02-11T10:29:51,230.33,1.85,0.368,0.86,50.02
2026-02-11T10:29:51,228.25,1.74,0.353,0.89,50.07
2026-02-11T10:29:52,229.0,1.86,0.37,0.87,50.1
2026-02-11T10:29:52,230.19,1.67,0.351,0.91,49.91
2026-02-11T10:29:53,229.66,1.63,0.365,0.97,49.93
2026-02-11T10:29:53,229.38,1.74,0.341,0.85,50.06
2026-02-11T10:29:54,228.21,1.57,0.334,0.93,49.94
2026-02-11T10:29:54,228.54,1.61,0.348,0.95,50.09
2026-02-11T10:29:55,230.45,1.69,0.346,0.89,49.91
2026-02-11T10:29:56,231.24,1.72,0.362,0.91,49.97
2026-02-11T10:29:56,229.92,1.8,0.354,0.86,50.01
2026-02-11T10:29:57,229.83,1.63,0.368,0.98,49.96
2026-02-11T10:29:57,229.51,1.54,0.341,0.97,50.05
2026-02-11T10:29:58,228.91,1.67,0.364,0.95,50.0
2026-02-11T10:29:58,231.28,1.59,0.335,0.91,50.08
2026-02-11T10:29:59,229.21,1.66,0.339,0.89,49.91
2026-02-11T10:29:59,230.9,1.88,0.369,0.85,49.91
2026-02-11T10:30:00,228.62,1.75,0.353,0.89,49.98
2026-02-11T10:30:04,231.65,1.59,0.335,0.91,49.98
2026-02-11T10:30:04,227.9,1.79,0.351,0.86,50.03
2026-02-11T10:30:05,230.25,1.54,0.348,0.98,50.06
2026-02-11T10:30:06,228.65,1.66,0.365,0.96,50.06
2026-02-11T10:30:06,229.0,1.7,0.345,0.89,50.09
2026-02-11T10:30:07,230.94,1.52,0.338,0.97,50.02
2026-02-11T10:30:07,229.28,1.58,0.346,0.96,49.98
2026-02-11T10:30:08,231.28,1.49,0.332,0.97,50.08
2026-02-11T10:30:08,229.86,1.67,0.358,0.93,50.03
2026-02-11T10:30:09,230.23,1.66,0.341,0.89,49.96
2026-02-11T10:30:09,229.94,1.73,0.342,0.86,49.99
2026-02-11T10:30:10,229.39,1.77,0.355,0.87,50.09
2026-02-11T10:30:10,228.18,1.54,0.331,0.94,49.98
2026-02-11T10:30:11,231.49,1.7,0.365,0.93,49.99
2026-02-11T10:30:11,229.37,1.69,0.361,0.93,50.03
2026-02-11T10:30:12,229.95,1.59,0.348,0.95,50.05
2026-02-11T10:30:12,231.47,1.56,0.335,0.93,50.05
2026-02-11T10:30:13,230.91,1.81,0.358,0.86,50.05
2026-02-11T10:30:13,230.51,1.64,0.342,0.9,50.03
2026-02-11T10:30:14,230.41,1.64,0.337,0.89,49.97
2026-02-11T10:30:18,227.71,1.62,0.34,0.92,49.99
2026-02-11T10:30:19,229.36,1.67,0.361,0.94,50.03
2026-02-11T10:30:19,228.03,1.7,0.333,0.86,50.03
2026-02-11T10:30:20,229.49,1.57,0.341,0.95,49.95
2026-02-11T10:30:20,231.06,1.67,0.356,0.92,50.06
2026-02-11T10:30:21,228.64,1.71,0.349,0.89,50.03
2026-02-11T10:30:21,228.6,1.5,0.33,0.97,49.98
2026-02-11T10:30:22,229.0,1.64,0.367,0.98,50.03
2026-02-11T10:30:22,228.22,1.85,0.36,0.85,50.06
2026-02-11T10:30:23,227.81,1.71,0.337,0.87,49.91
2026-02-11T10:30:23,231.48,1.73,0.348,0.87,50.01
2026-02-11T10:30:24,231.02,1.64,0.367,0.97,50.1
2026-02-11T10:30:24,229.39,1.66,0.36,0.94,50.02
2026-02-11T10:30:25,229.35,1.65,0.36,0.95,50.0
2026-02-11T10:30:25,229.6,1.82,0.356,0.85,50.07
2026-02-11T10:30:26,230.77,1.69,0.358,0.92,50.0
2026-02-11T10:30:26,227.68,1.72,0.367,0.94,50.09
2026-02-11T10:30:27,230.46,1.79,0.351,0.85,50.02
2026-02-11T10:30:28,230.43,1.71,0.344,0.87,50.1
2026-02-11T10:30:28,229.37,1.79,0.352,0.86,49.92
2026-02-11T10:30:32,230.24,1.63,0.354,0.94,50.07
2026-02-11T10:30:32,229.21,1.56,0.347,0.97,49.96
2026-02-11T10:30:33,228.72,1.7,0.362,0.93,49.93
2026-02-11T10:30:33,228.94,1.65,0.356,0.94,50.09
2026-02-11T10:30:34,230.39,1.56,0.347,0.96,49.93
2026-02-11T10:30:35,228.73,1.65,0.355,0.94,50.06
2026-02-11T10:30:35,230.52,1.58,0.335,0.92,49.99
2026-02-11T10:30:36,228.59,1.65,0.353,0.94,49.94
2026-02-11T10:30:36,229.97,1.7,0.335,0.86,49.94
2026-02-11T10:30:37,231.28,1.84,0.37,0.87,50.04
2026-02-11T10:30:37,228.93,1.82,0.362,0.87,49.93
2026-02-11T10:30:38,230.92,1.71,0.35,0.88,49.99
2026-02-11T10:30:38,231.57,1.71,0.353,0.89,50.04
2026-02-11T10:30:39,230.0,1.66,0.367,0.96,50.01
2026-02-11T10:30:39,229.18,1.59,0.348,0.96,49.97
2026-02-11T10:30:40,231.65,1.5,0.331,0.95,49.95
2026-02-11T10:30:40,228.45,1.75,0.35,0.87,50.05
2026-02-11T10:30:41,228.58,1.65,0.334,0.88,49.96
2026-02-11T10:30:41,230.13,1.7,0.356,0.91,50.04
2026-02-11T10:30:42,229.39,1.71,0.342,0.87,49.98
2026-02-11T10:30:46,230.76,1.57,0.343,0.95,50.07
2026-02-11T10:30:47,229.73,1.82,0.36,0.86,49.9
2026-02-11T10:30:47,230.71,1.51,0.33,0.95,49.98
2026-02-11T10:30:48,230.21,1.74,0.365,0.91,50.02
2026-02-11T10:30:48,230.82,1.8,0.362,0.87,49.93
2026-02-11T10:30:49,227.84,1.83,0.363,0.87,49.96
2026-02-11T10:30:50,231.46,1.71,0.345,0.87,49.93
2026-02-11T10:30:50,228.78,1.77,0.364,0.9,50.07
2026-02-11T10:30:51,228.3,1.8,0.368,0.9,49.94
2026-02-11T10:30:51,229.06,1.63,0.356,0.95,50.06
2026-02-11T10:30:52,229.29,1.7,0.334,0.86,49.95
2026-02-11T10:30:52,229.52,1.76,0.346,0.85,50.09
2026-02-11T10:30:53,229.93,1.63,0.338,0.9,50.07
2026-02-11T10:30:53,231.15,1.65,0.365,0.96,50.03
2026-02-11T10:30:54,228.9,1.8,0.355,0.86,49.92
2026-02-11T10:30:54,231.22,1.5,0.335,0.97,49.95
2026-02-11T10:30:55,228.81,1.83,0.369,0.88,49.97
2026-02-11T10:30:55,231.17,1.71,0.359,0.91,50.03
2026-02-11T10:30:56,227.93,1.68,0.359,0.94,50.04
2026-02-11T10:30:56,228.3,1.74,0.338,0.85,50.1
2026-02-11T10:31:00,230.13,1.67,0.335,0.87,50.06
2026-02-11T10:31:01,231.35,1.54,0.334,0.94,49.92
2026-02-11T10:31:01,229.55,1.74,0.345,0.86,50.01
2026-02-11T10:31:02,229.35,1.53,0.334,0.95,49.94
2026-02-11T10:31:03,229.64,1.71,0.358,0.91,49.93
2026-02-11T10:31:03,227.86,1.74,0.355,0.9,50.07
2026-02-11T10:31:04,228.84,1.55,0.333,0.94,49.94
2026-02-11T10:31:04,228.06,1.61,0.348,0.95,49.97
2026-02-11T10:31:05,230.53,1.64,0.355,0.94,49.95
2026-02-11T10:31:05,228.91,1.66,0.33,0.87,49.91
2026-02-11T10:31:06,230.46,1.7,0.368,0.94,50.08
2026-02-11T10:31:06,227.99,1.63,0.362,0.98,49.96
2026-02-11T10:31:07,227.96,1.57,0.331,0.93,50.07
2026-02-11T10:31:07,231.49,1.5,0.336,0.97,49.91
2026-02-11T10:31:08,229.58,1.67,0.359,0.93,50.01
2026-02-11T10:31:08,230.68,1.65,0.363,0.95,49.91
2026-02-11T10:31:09,228.58,1.62,0.36,0.97,49.94
2026-02-11T10:31:09,230.33,1.62,0.357,0.96,50.07
2026-02-11T10:31:10,228.84,1.76,0.351,0.87,50.07
2026-02-11T10:31:11,228.28,1.64,0.362,0.97,50.02
2026-02-11T10:31:16,227.99,1.64,0.352,0.94,49.92
2026-02-11T10:31:17,227.92,1.8,0.367,0.89,49.98
2026-02-11T10:31:17,230.23,1.63,0.334,0.89,49.94
2026-02-11T10:31:18,228.75,1.63,0.349,0.94,50.01
2026-02-11T10:31:18,231.27,1.66,0.361,0.94,49.95
2026-02-11T10:31:19,229.51,1.66,0.366,0.96,50.06
2026-02-11T10:31:19,231.32,1.5,0.339,0.98,50.05
2026-02-11T10:31:20,228.82,1.69,0.352,0.91,50.09
2026-02-11T10:31:20,227.88,1.66,0.336,0.89,50.03
2026-02-11T10:31:21,229.55,1.66,0.368,0.97,49.9
2026-02-11T10:31:22,231.52,1.61,0.352,0.94,50.09
2026-02-11T10:31:22,229.55,1.72,0.348,0.88,49.92
2026-02-11T10:31:23,229.14,1.68,0.341,0.88,49.98
2026-02-11T10:31:23,227.85,1.66,0.368,0.97,50.06
2026-02-11T10:31:24,228.76,1.64,0.347,0.93,49.99
2026-02-11T10:31:24,227.81,1.87,0.366,0.86,50.09
2026-02-11T10:31:25,230.4,1.68,0.366,0.95,50.02
2026-02-11T10:31:25,229.45,1.82,0.369,0.88,50.06
2026-02-11T10:31:26,227.84,1.64,0.341,0.91,49.9
2026-02-11T10:31:26,230.54,1.64,0.343,0.91,49.93
2026-02-11T10:31:32,231.37,1.7,0.37,0.94,50.04
2026-02-11T10:31:32,230.58,1.71,0.359,0.91,50.02
2026-02-11T10:31:33,228.4,1.66,0.349,0.92,50.06
2026-02-11T10:31:33,228.49,1.58,0.333,0.93,50.0
2026-02-11T10:31:34,229.19,1.81,0.364,0.88,49.9
2026-02-11T10:31:35,227.91,1.72,0.347,0.88,50.0
2026-02-11T10:31:35,229.12,1.64,0.344,0.92,50.08
2026-02-11T10:31:46,229.61,11.36,2.342,0.9,50.07
2026-02-11T10:31:47,228.24,11.05,2.349,0.93,49.99
2026-02-11T10:31:47,227.09,11.09,2.34,0.93,49.96
2026-02-11T10:31:48,227.15,11.83,2.356,0.88,50.0
2026-02-11T10:31:49,228.36,12.09,2.364,0.86,50.1
2026-02-11T10:31:49,228.71,11.54,2.34,0.89,50.03
2026-02-11T10:31:50,227.8,10.51,2.344,0.98,50.08
2026-02-11T10:31:50,227.14,11.66,2.363,0.89,49.96
2026-02-11T10:31:51,228.36,12.05,2.365,0.86,49.97
2026-02-11T10:31:51,226.24,12.1,2.341,0.86,50.02
2026-02-11T10:31:52,228.66,11.5,2.366,0.9,50.09
2026-02-11T10:31:52,228.21,10.49,2.331,0.97,50.06
2026-02-11T10:31:53,227.03,10.9,2.367,0.96,49.91
2026-02-11T10:31:53,228.42,10.67,2.342,0.96,50.04
2026-02-11T10:31:54,228.75,10.55,2.361,0.98,50.02
2026-02-11T10:31:54,229.51,10.64,2.364,0.97,50.05
2026-02-11T10:31:55,228.01,10.91,2.363,0.95,49.92
2026-02-11T10:31:55,227.32,11.52,2.335,0.89,49.96
2026-02-11T10:31:56,227.56,10.58,2.359,0.98,50.04
2026-02-11T10:31:57,228.94,11.17,2.347,0.92,49.93
2026-02-11T10:32:01,227.34,11.1,2.335,0.93,49.92
2026-02-11T10:32:02,226.03,11.93,2.362,0.88,50.05
2026-02-11T10:32:02,228.92,10.73,2.34,0.95,50.01
2026-02-11T10:32:03,229.33,10.66,2.346,0.96,50.09
2026-02-11T10:32:03,226.58,11.04,2.364,0.95,50.01
2026-02-11T10:32:04,228.68,10.88,2.358,0.95,49.93
2026-02-11T10:32:05,227.67,10.98,2.351,0.94,49.93
2026-02-11T10:32:05,227.8,11.34,2.361,0.91,50.04
2026-02-11T10:32:06,226.1,11.45,2.363,0.91,49.99
2026-02-11T10:32:06,229.05,11.28,2.335,0.9,50.09
2026-02-11T10:32:07,225.87,10.71,2.348,0.97,50.09
2026-02-11T10:32:07,227.41,11.53,2.347,0.9,50.01
2026-02-11T10:32:08,228.07,11.96,2.341,0.86,50.05
2026-02-11T10:32:08,229.14,11.76,2.342,0.87,49.91
2026-02-11T10:32:09,228.22,10.48,2.337,0.98,50.04
2026-02-11T10:32:09,226.13,11.17,2.346,0.93,49.94
2026-02-11T10:32:10,227.53,11.89,2.332,0.86,50.04
2026-02-11T10:32:10,228.85,11.11,2.348,0.92,49.92
2026-02-11T10:32:11,225.82,10.83,2.351,0.96,49.93
2026-02-11T10:32:12,228.19,11.21,2.36,0.92,49.97
2026-02-11T10:32:23,229.96,1.58,0.34,0.94,50.1
2026-02-11T10:32:23,230.68,1.68,0.365,0.94,50.07
2026-02-11T10:32:24,228.39,1.61,0.347,0.94,49.99
2026-02-11T10:32:24,228.12,1.73,0.34,0.86,50.08
2026-02-11T10:32:25,231.38,1.58,0.338,0.92,49.98
2026-02-11T10:32:25,228.56,1.56,0.333,0.93,50.06
2026-02-11T10:34:09,228.29,1.69,0.333,0.86,50.04
2026-02-11T10:34:09,229.55,1.59,0.344,0.94,49.94
2026-02-11T10:34:10,227.75,1.69,0.342,0.89,49.96
2026-02-11T10:34:11,230.93,1.52,0.341,0.97,49.97
2026-02-11T10:34:11,231.35,1.74,0.359,0.89,49.99
2026-02-11T10:34:12,231.56,1.54,0.337,0.94,49.92
2026-02-11T10:34:12,229.73,1.53,0.338,0.96,49.95
2026-02-11T10:34:13,231.61,1.53,0.337,0.95,49.98
2026-02-11T10:34:13,227.95,1.65,0.352,0.94,50.04
2026-02-11T10:34:14,227.98,1.59,0.334,0.92,49.95
2026-02-11T10:34:14,230.17,1.71,0.334,0.85,50.01
2026-02-11T10:34:15,229.56,1.63,0.333,0.89,50.06
2026-02-11T10:34:16,229.99,1.81,0.358,0.86,50.06
2026-02-11T10:34:16,227.87,1.73,0.362,0.92,49.94
2026-02-11T10:34:17,228.98,1.71,0.357,0.92,49.97
2026-02-11T10:34:17,230.3,1.65,0.345,0.91,49.94
2026-02-11T10:34:18,230.43,1.77,0.35,0.86,50.09
2026-02-11T10:34:18,231.64,1.62,0.336,0.9,49.94
2026-02-11T10:34:19,231.3,1.62,0.344,0.92,50.06
2026-02-11T10:34:19,230.38,1.81,0.366,0.88,49.98
2026-02-11T10:34:25,230.74,1.69,0.359,0.92,50.08
2026-02-11T10:34:25,230.75,1.68,0.341,0.88,50.06
2026-02-11T10:34:26,227.76,1.86,0.368,0.87,49.95
2026-02-11T10:34:27,231.33,1.75,0.359,0.89,49.98
2026-02-11T10:34:27,228.79,1.64,0.349,0.93,49.93
2026-02-11T10:34:28,229.44,1.67,0.332,0.87,49.99
2026-02-11T10:34:28,231.02,1.69,0.351,0.9,50.02
2026-02-11T10:34:29,230.41,1.75,0.366,0.91,49.92
2026-02-11T10:34:29,227.94,1.62,0.356,0.96,49.92
2026-02-11T10:34:30,230.93,1.53,0.345,0.98,50.07
2026-02-11T10:34:30,229.47,1.53,0.336,0.96,49.95
2026-02-11T10:34:31,229.87,1.56,0.33,0.92,49.99
2026-02-11T10:34:31,231.21,1.66,0.336,0.88,49.99
2026-02-11T10:34:32,230.16,1.74,0.354,0.88,50.04
2026-02-11T10:34:33,229.94,1.53,0.334,0.95,50.04
2026-02-11T10:34:33,231.57,1.52,0.338,0.96,50.07
2026-02-11T10:34:34,229.5,1.53,0.342,0.97,50.02
2026-02-11T10:34:34,228.88,1.64,0.337,0.9,49.99
2026-02-11T10:34:35,229.15,1.54,0.333,0.94,50.04
2026-02-11T10:34:35,228.83,1.77,0.366,0.9,49.9
2026-02-11T10:34:41,229.16,1.59,0.335,0.92,50.09
2026-02-11T10:34:41,230.39,1.75,0.346,0.86,50.06
2026-02-11T10:34:42,231.42,1.52,0.331,0.94,50.02
2026-02-11T10:34:42,231.4,1.68,0.343,0.88,50.07
2026-02-11T10:34:43,231.23,1.58,0.356,0.97,50.01
2026-02-11T10:34:44,230.37,1.6,0.346,0.94,49.99
2026-02-11T10:34:44,230.85,1.76,0.363,0.9,49.91
2026-02-11T10:34:45,231.21,1.67,0.349,0.91,49.91
2026-02-11T10:34:50,229.12,1.72,0.365,0.92,49.93
2026-02-11T10:34:51,229.92,1.48,0.331,0.97,50.01
2026-02-11T10:34:51,229.38,1.63,0.362,0.97,49.96
2026-02-11T10:34:52,228.8,1.69,0.353,0.91,49.97
2026-02-11T10:34:52,228.55,1.79,0.358,0.88,49.93
2026-02-11T10:34:53,230.52,1.62,0.358,0.96,50.09
2026-02-11T10:34:54,228.62,1.74,0.36,0.91,49.96
2026-02-11T10:34:54,230.96,1.6,0.354,0.96,50.07
2026-02-11T10:34:55,230.53,1.72,0.338,0.85,49.96
2026-02-11T10:34:55,231.34,1.81,0.363,0.87,49.91
2026-02-11T10:34:56,230.27,1.79,0.357,0.87,50.08
2026-02-11T10:34:56,228.3,1.66,0.34,0.9,50.07
2026-02-11T10:34:57,229.8,1.73,0.347,0.87,50.04
2026-02-11T10:34:57,230.19,1.72,0.365,0.92,50.0
2026-02-11T10:34:58,229.75,1.74,0.364,0.91,50.05
2026-02-11T10:34:59,228.03,1.8,0.363,0.88,49.95
2026-02-11T10:34:59,229.18,1.8,0.352,0.85,49.93
2026-02-11T10:35:00,228.24,1.57,0.331,0.92,50.08
2026-02-11T10:35:00,230.95,1.63,0.356,0.95,49.97
2026-02-11T10:35:01,231.1,1.72,0.34,0.86,49.97
2026-02-11T10:35:13,227.31,9.39,1.855,0.87,50.08
2026-02-11T10:35:14,227.72,9.06,1.831,0.89,49.96
2026-02-11T10:35:14,226.54,9.37,1.866,0.88,50.08
2026-02-11T10:35:15,229.21,8.4,1.842,0.96,49.96
2026-02-11T10:35:15,227.19,8.69,1.832,0.93,50.08
2026-02-11T10:35:16,229.21,9.04,1.833,0.88,50.05
2026-02-11T10:35:16,228.69,8.62,1.868,0.95,50.03
2026-02-11T10:35:27,224.46,17.5,3.844,0.98,50.06
2026-02-11T10:35:28,225.42,18.97,3.856,0.9,49.99
2026-02-11T10:35:28,224.27,19.36,3.837,0.88,50.07
2026-02-11T10:35:29,227.27,19.28,3.86,0.88,49.92
2026-02-11T10:35:30,224.31,19.7,3.845,0.87,50.06
2026-02-11T10:35:39,223.84,32.9,6.853,0.93,50.03
2026-02-11T10:35:40,221.4,33.33,6.834,0.93,49.94
2026-02-11T10:35:40,221.18,34.93,6.836,0.88,50.02
2026-02-11T10:35:41,224.23,34.42,6.854,0.89,50.08
2026-02-11T10:35:42,223.14,34.18,6.855,0.9,49.95
2026-02-11T10:35:42,224.91,32.53,6.856,0.94,50.01
2026-02-11T10:35:43,221.48,32.58,6.85,0.95,50.09
2026-02-11T10:35:43,225.1,31.36,6.84,0.97,49.99
2026-02-11T10:35:44,222.53,33.92,6.863,0.91,50.09
2026-02-11T10:35:44,223.09,32.48,6.847,0.94,50.06
2026-02-11T10:35:45,225.0,33.37,6.854,0.91,49.9
2026-02-11T10:35:46,224.14,35.13,6.859,0.87,49.98
2026-02-11T10:35:46,223.98,34.83,6.863,0.88,50.07
2026-02-11T10:35:47,224.9,32.91,6.858,0.93,49.97
2026-02-11T10:35:47,222.82,32.24,6.864,0.96,49.9
2026-02-11T10:35:48,223.96,33.81,6.863,0.91,50.04
2026-02-11T10:35:48,221.91,35.18,6.832,0.88,49.95
2026-02-11T10:35:49,223.68,34.85,6.833,0.88,50.07
2026-02-11T10:35:49,223.35,34.91,6.861,0.88,50.04
2026-02-11T10:35:50,223.73,31.3,6.836,0.98,50.03
2026-02-11T10:35:56,222.47,34.61,6.832,0.89,50.05
2026-02-11T10:35:56,223.13,31.71,6.853,0.97,49.91
2026-02-11T10:35:57,222.56,31.5,6.852,0.98,49.92
2026-02-11T10:36:08,226.22,17.64,3.847,0.96,49.98
2026-02-11T10:36:08,225.4,19.5,3.845,0.87,50.09
2026-02-11T10:36:09,227.35,19.55,3.834,0.86,50.1
2026-02-11T10:36:09,225.97,19.98,3.843,0.85,50.02
2026-02-11T10:36:10,224.2,19.36,3.867,0.89,50.02
2026-02-11T10:36:11,226.27,17.35,3.833,0.98,50.0
2026-02-11T10:36:11,226.16,17.61,3.839,0.96,50.03
2026-02-11T10:36:12,227.67,17.35,3.832,0.97,49.98
2026-02-11T10:36:12,227.79,19.8,3.86,0.86,50.0
2026-02-11T10:36:13,225.87,17.83,3.853,0.96,49.98
2026-02-11T10:36:13,225.59,18.22,3.843,0.94,50.0
2026-02-11T10:36:14,225.12,17.89,3.867,0.96,50.06
2026-02-11T10:36:14,224.68,18.37,3.86,0.94,50.1
2026-02-11T10:36:15,224.73,18.3,3.837,0.93,50.06
2026-02-11T10:36:16,224.98,19.59,3.852,0.87,49.96
2026-02-11T10:36:27,229.17,11.2,2.364,0.92,49.91
2026-02-11T10:36:28,227.84,11.25,2.342,0.91,50.08
2026-02-11T10:36:28,227.04,12.0,2.347,0.86,49.96
2026-02-11T10:36:29,226.14,11.34,2.345,0.91,50.03
2026-02-11T10:36:40,231.0,1.84,0.362,0.85,50.0
2026-02-11T10:36:40,229.51,1.69,0.333,0.86,49.93
2026-02-11T10:36:41,228.39,1.67,0.338,0.89,49.94
2026-02-11T10:36:42,229.02,1.73,0.345,0.87,50.08
2026-02-11T10:36:42,230.43,1.61,0.333,0.9,49.91
2026-02-11T10:36:43,229.09,1.83,0.37,0.88,50.03
2026-02-11T10:36:43,231.51,1.6,0.351,0.95,50.1
2026-02-11T10:36:44,229.16,1.75,0.346,0.86,50.04
2026-02-11T10:36:44,230.1,1.74,0.347,0.87,50.04
2026-02-11T10:36:45,230.04,1.75,0.369,0.91,50.03
2026-02-11T10:36:45,229.99,1.61,0.337,0.91,50.04
2026-02-11T10:36:46,229.47,1.73,0.353,0.89,50.05
2026-02-11T10:36:47,229.0,1.6,0.35,0.95,49.91
2026-02-11T10:36:47,229.43,1.55,0.339,0.96,49.99
2026-02-11T10:36:48,231.3,1.66,0.365,0.95,49.97
2026-02-11T10:36:48,231.4,1.56,0.34,0.94,50.02
2026-02-11T10:36:49,228.73,1.56,0.347,0.97,50.09
2026-02-11T10:36:49,229.92,1.6,0.347,0.94,49.93
2026-02-11T10:36:50,230.61,1.55,0.339,0.95,50.04
2026-02-11T10:36:50,231.38,1.78,0.356,0.87,49.96
2026-02-11T10:36:56,228.26,1.62,0.355,0.96,50.02
2026-02-11T10:36:57,229.69,1.86,0.366,0.86,50.02
2026-02-11T10:36:57,228.48,1.61,0.335,0.91,49.95
2026-02-11T10:36:58,230.26,1.75,0.354,0.88,50.04
2026-02-11T10:36:58,229.53,1.54,0.344,0.97,50.04
2026-02-11T10:36:59,229.82,1.83,0.365,0.87,49.96
2026-02-11T10:36:59,228.99,1.73,0.351,0.89,50.01
2026-02-11T10:37:00,231.22,1.52,0.334,0.95,50.02
2026-02-11T10:37:00,228.52,1.55,0.333,0.94,50.04
2026-02-11T10:44:19,228.41,1.6,0.358,0.98,50.0
2026-02-11T10:44:20,230.74,1.75,0.355,0.88,49.98
2026-02-11T10:44:20,228.43,1.76,0.362,0.9,50.08
2026-02-11T10:44:21,229.05,1.73,0.339,0.86,50.01
2026-02-11T10:44:21,228.48,1.73,0.362,0.92,50.08
2026-02-11T10:44:22,229.46,1.65,0.365,0.97,49.91
2026-02-11T10:44:22,229.48,1.76,0.347,0.86,50.07
2026-02-11T10:44:23,229.53,1.65,0.332,0.88,49.94
2026-02-11T10:44:23,229.33,1.71,0.344,0.88,49.92
2026-02-11T10:44:24,231.19,1.63,0.352,0.93,49.98
2026-02-11T10:44:25,231.51,1.66,0.367,0.95,49.98
2026-02-11T10:44:25,229.56,1.82,0.367,0.88,49.99
2026-02-11T10:44:26,229.33,1.74,0.358,0.89,49.9
2026-02-11T10:44:26,228.86,1.6,0.34,0.93,50.09
2026-02-11T10:44:27,228.07,1.54,0.337,0.96,49.99
2026-02-11T10:44:27,229.72,1.59,0.349,0.96,50.09
2026-02-11T10:44:28,231.58,1.86,0.367,0.85,49.93
2026-02-11T10:44:28,229.07,1.8,0.365,0.88,50.08
2026-02-11T10:44:29,229.73,1.65,0.349,0.92,50.08
2026-02-11T10:44:30,229.43,1.66,0.369,0.97,49.92
2026-02-11T10:44:35,229.89,1.51,0.337,0.97,49.9
2026-02-11T10:44:36,229.21,1.67,0.363,0.95,49.92
2026-02-11T10:44:36,231.6,1.75,0.366,0.9,49.9
2026-02-11T10:44:37,228.2,1.62,0.338,0.92,50.03
2026-02-11T10:44:37,230.05,1.75,0.363,0.9,50.07
2026-02-11T10:44:38,229.46,1.7,0.359,0.92,49.96
2026-02-11T10:44:38,230.3,1.69,0.365,0.94,49.93
2026-02-11T10:44:39,231.38,1.7,0.358,0.91,49.98
2026-02-11T10:44:40,227.98,1.68,0.348,0.91,49.97
2026-02-11T10:44:40,228.97,1.73,0.363,0.92,50.04
2026-02-11T10:44:41,228.57,1.69,0.345,0.89,50.04
2026-02-11T10:44:41,230.06,1.64,0.342,0.91,50.05
2026-02-11T10:44:42,229.13,1.66,0.331,0.87,49.91
2026-02-11T10:44:53,226.79,8.43,1.855,0.97,50.04
2026-02-11T10:44:53,229.45,8.29,1.85,0.97,50.08
2026-02-11T10:44:54,229.52,9.38,1.852,0.86,49.97
2026-02-11T10:44:55,227.36,9.2,1.852,0.89,49.94
2026-02-11T10:44:55,227.01,8.76,1.834,0.92,49.94
2026-02-11T10:44:56,226.98,9.53,1.863,0.86,49.92
2026-02-11T10:44:56,226.42,9.57,1.868,0.86,50.02
2026-02-11T10:45:06,225.98,17.89,3.836,0.95,49.99
2026-02-11T10:45:06,226.82,18.5,3.856,0.92,49.91
2026-02-11T10:45:07,227.38,19.21,3.854,0.88,50.03
2026-02-11T10:45:07,227.71,19.35,3.833,0.87,49.94
2026-02-11T10:45:08,226.45,17.66,3.861,0.97,49.94
2026-02-11T10:45:09,226.05,18.24,3.834,0.93,50.09
2026-02-11T10:45:18,224.98,33.83,6.851,0.9,49.96
2026-02-11T10:45:19,223.53,32.2,6.87,0.95,49.97
2026-02-11T10:45:19,222.58,35.81,6.853,0.86,49.97
2026-02-11T10:45:20,222.56,35.06,6.843,0.88,49.9
2026-02-11T10:45:20,223.09,33.13,6.84,0.93,50.09
2026-02-11T10:45:21,223.44,33.32,6.852,0.92,50.04
2026-02-11T10:45:21,223.17,35.03,6.844,0.88,49.98
2026-02-11T10:45:22,222.75,32.79,6.865,0.94,50.08
2026-02-11T10:45:23,221.18,34.91,6.868,0.89,50.1
2026-02-11T10:45:23,224.08,32.4,6.86,0.94,50.02
2026-02-11T10:45:24,221.54,35.13,6.846,0.88,49.91
2026-02-11T10:45:24,221.98,34.83,6.843,0.89,49.9
2026-02-11T10:45:25,221.25,33.51,6.868,0.93,50.0
2026-02-11T10:45:25,221.18,32.5,6.87,0.96,50.07
2026-02-11T10:45:26,223.07,35.43,6.866,0.87,50.02
2026-02-11T10:45:26,225.15,32.13,6.832,0.94,50.03
2026-02-11T10:45:36,224.6,19.7,3.832,0.87,49.95
2026-02-11T10:45:37,225.51,19.99,3.839,0.85,50.03
2026-02-11T10:45:38,227.74,19.16,3.834,0.88,49.96
2026-02-11T10:45:38,225.64,18.36,3.838,0.93,50.09
2026-02-11T10:45:39,224.85,18.14,3.851,0.94,49.94
